x,y
-8.145019763022754,0.7570136547154904
-4.137547503132195,6.988501563482555
2.4531826980417972,-8.516614947943927
-2.149351241705063,-5.543583026140337
-6.536309570034693,-0.6013775433672374
-8.692089625763806,6.830743555792756
-5.291598066132323,-1.438606657941646
-8.804313081924361,5.523702871149936
-7.04655479642765,-0.7636555278559284
-7.395493063477027,-1.5366750010100185
-2.5720949656188647,-7.182772529763949
-2.416844637305025,0.8915877758465613
-9.879520850707038,4.895890329790104
-6.287776790784816,-2.9987179242659687
2.5293377708904323,-0.11862617686477273
-2.497579359036498,8.071333691479918
-1.1499026053570065,-0.8101886921780621
-1.1613579370235385,5.225344175657637
-7.746544268934853,-1.4036014651201483
1.968475592531123,1.3767721839393638
-4.428637993566811,8.412795295114007
0.10541212536306716,1.4006366420147596
-4.178636179768304,-6.738362759207763
0.7197660213067087,1.0509146475660727
-8.560561484800544,5.115246045445107
-2.907295319781606,-7.143822828860285
-4.939827319966474,7.603994218537205
0.8678550097515423,1.3326589654190228
1.553816252665707,1.4615247237773143
-6.60769562771804,-1.7930483697630584
-1.2152048985342865,-8.379530743989157
-0.3498643889070401,1.8118331528658367
1.6995507580377056,-7.033192212367507
-5.926673788589602,-2.952922029019945
-3.5715720009310106,-7.112593062583983
-10.196066052134636,5.076629043925534
-1.3447086120212397,-6.459658170354988
1.4988528586655248,0.06444111949477119
-8.453720385799128,4.21043586115023
-9.13562594760209,-0.4215162839347951
-1.7076115983769347,-5.732897296995507
-3.377064857329524,9.044279299306044
-10.908676355505602,4.569489591815799
-6.7903052644064354,0.6012915606968217
0.15964779030036413,1.4910259928370453
-9.082564640830345,5.351503769378258
-7.029325070201421,-0.20028508223841412
0.5083145752086553,0.8421875590414793
-8.463323655573792,4.677973714504487
-2.0649881931148224,2.1343178255165784
-9.815868935890537,4.380126687547036
-8.287221998713035,-1.3390095368395007
0.06712781257578226,2.0314709040680805
-7.594224825759014,-1.615759276548979
1.0361660603455158,-8.662580639043625
1.2525375606150555,2.3473819311826523
-8.108565632110189,4.3345584256172
0.9168196920975842,-7.894836665763969
-3.029664512633768,7.222019621383769
1.4512088271605477,-8.064827459625254
-7.7629126636266825,-1.7984428484568389
-1.1118037085239745,1.2768609297397573
-7.443661599925163,4.445360305772844
1.569678919234991,-0.32898968998465694
-7.97627198330167,-0.2667961103649077
-8.282316641076303,3.219545245731749
1.3079533658171565,0.069042311716073
-9.309152669201122,4.722426136730427
-7.610652413032681,-1.536524100715885
-6.9479497458172945,-2.5871033373334695
2.195962994173844,1.6585613926953893
2.286979588119342,-8.307399718713894
-10.671899232280138,4.5947408534354075
-6.903453323284028,0.15389603604677915
-5.885888760299647,-0.9845464872191199
-9.565608215460314,5.75986764203776
-10.6494945159402,4.845307031207148
-4.59573179566269,7.382128656780041
-5.526058831170889,-1.527621611021981
-6.712849963411436,-0.7550182474112326
-0.11904573618137926,1.966490762080325
-1.3869058910063186,-0.20177194169923698
1.8413348474155669,-6.977928457985111
-8.843220812495009,4.104566958304401
2.00981370522221,-8.293078835396047
0.11541236260488286,-6.097372719584897
-0.9710605759341218,-8.080981026026933
1.6853783223895389,1.2531946852968652
-9.487539413756558,6.554164032330889
-4.955593283692867,8.516864717501898
-9.80474701918059,4.428482868407276
-10.280859169599662,3.1757117171561724
-1.9637462217462138,7.169686976309349
0.032650030591659385,-1.944208996295633
-0.43716400991350773,0.6966680915942938
-5.96723059588887,0.05757718695404346
-9.668444363625895,4.4281674647003895
-0.2537423626690849,-7.741403247617577
0.672880045165523,-0.03788393939016732
-8.542045586128479,4.0930236289515936
-6.256164547603759,-0.869648290821917
-7.693787143735717,-1.5278901852520503
2.0762725443829337,0.27965375912757595
-0.4388289065137191,2.174398185567412
-2.0435435430317748,-0.6829862215877215
1.5518547406390355,-6.490382698862034
-2.5119344706934967,-0.6399242787149544
-10.450379186098468,3.6683064646919017
-9.602086333664156,4.519906539128143
-0.8984420152476102,0.9350956566400924
2.2295457083582884,-8.152287312220771
-0.9078737572025541,0.1544962433782826
-9.906689866590186,4.014797804874146
0.27691607371772786,0.3592924332801768
-1.0882884969716673,1.0783596465431586
1.9001712577880325,-7.962323831576942
1.1286357304444254,-7.823549463450256
-3.945826646675612,4.74266474973385
-4.228414471632009,7.865414008744736
3.2171400871311047,-6.388443805375333
-0.3847474111544522,-1.1782420094585841
0.18553582094902188,1.7830946277931659
-0.6584322124071003,1.2563529415438968
-1.361340597482764,-7.88265181720581
1.2127513111658437,-6.805627170689861
-2.2767863502690804,-8.23151597354806
-0.9915670273188124,1.3597664164537446
-9.364116719649102,6.299046688829779
-7.894892610771136,-1.0480605767465594
-2.9562075829654724,-6.993100546027547
-9.115613781353376,3.6320475787278106
-1.8987385321211234,-8.058226849858453
0.8164261477789443,-6.256424535291007
-4.58959531550423,7.286674831484746
1.830824490344324,-8.242832397162655
-2.3091361848114853,-5.597607417066498
-8.254473935842576,-1.5307849483648341
-1.1477051975440362,-6.863442273369411
-1.7114230320511628,7.109978788657
-7.705584087304171,-1.857690625030272
-1.372118627078354,0.44674197460942144
-2.133586440707959,8.876146685576213
-1.3993856933767423,1.3858086939805834
-10.476757351180218,4.398508432247545
-1.577755702961638,0.773024608860665
1.1353587033779948,-7.200193856981918
-11.202438551664665,3.715055683485309
2.033646047479474,-7.865612218770706
-5.584579750171861,0.20272716610534047
-2.788484757860326,8.549972519333956
1.888855268338516,-8.534220449553438
-3.305560538345601,-1.6589683050314483
-2.797478070151165,8.175744895530592
-1.789386929995826,1.2444306323554288
-2.5134749287326326,-5.933748515294388
1.2878655168624498,0.6495962083980946
-6.192155791456185,0.5230038195542341
-7.073831213506218,-0.3149031463488703
-2.3426413385641705,-5.9747763126878475
-4.693281168035889,8.46504598091911
-8.178936115042372,-2.8674893655372227
-9.228635524226203,3.4988635376948203
-2.12800191710526,-8.045130922273202
2.2182212830257035,-6.6489965912759414
-6.587329523857855,-1.7543535235315488
-7.490222148046721,-0.16048215557052942
-7.063363831427418,1.5085856866395138
-2.4595985481294687,-5.7743339758781085
-1.3480841862655424,-7.20458217573539
-9.463872790371203,4.309978054883398
0.8031284941475372,0.2000294121759233
-2.343059806941982,-6.447150354649092
-8.08337071955144,-1.018256331212355
1.8918997800635278,-0.3972622404371
2.2400189034012845,1.1202472996899393
-7.785393197168801,-0.05388686825782718
-4.400916531551185,7.64293963696368
3.05771777866949,-7.19656575891018
-1.624870765414552,-8.15106507987851
0.797005645275364,2.301849611761193
-7.320930847823744,0.09726341508805181
1.6848437829278242,-0.09688887512378364
-4.2187491838605755,9.652897747729211
-2.5908765358273875,7.84498582303879
-2.4982012777173184,-6.365164401634197
-9.598055778201406,4.825849429629433
0.27179117858803314,-5.420877777886512
-1.8472343741664428,0.30120594395278
-0.9567588746518398,1.0094858208236948
-3.4729986746041703,5.615016469551136
-2.923957274308891,-6.774407047833098
-1.4338119878788516,-0.05585503417890003
1.8106574285068886,-9.284574343334766
2.0235516596626146,2.1288108666708117
-5.628644298610216,8.26118777762636
-4.16937789041956,6.737152385172302
-1.853181284386566,0.5008243929165807
1.9893995984119137,-6.741098213545821
-0.2792294633399294,1.5355299628682368
-0.7264058286688284,-6.702743272941474
1.0078544032912464,-0.6511053954955619
-3.129349250513115,-7.465610683790262
-2.1541086624018115,-5.881425869417419
-0.9979644585876323,2.2371590713284286
-3.1894459748435215,8.263702795775833
-1.6740119511120497,-1.0386654025897093
1.4888351194896823,1.4127909569373256
-0.33583778746445103,0.12584437929754766
-1.1917945350376478,-0.6050662513388659
-0.7144997018487849,-0.3591920615765371
-0.35011374515837124,-0.3290920258941336
-9.021004763502328,4.70630693894554
-4.342592474849575,6.592183345390801
-0.4068694693044723,2.5879888013333954
-8.235595642927544,6.108959769115678
3.1304069727994044,-8.01373042810484
-3.175440830096339,8.449562235379666
-1.2800643282367679,-7.3405082217328825
-1.356764912063623,0.11143796443904619
-7.944223373198042,-1.8770818204813262
-8.755831938477568,4.2862184057791115
-2.07056268202312,-6.755515033227613
-7.973627435542394,3.6642192119568007
-3.852034026233495,7.838441489205537
1.733433200836501,1.0198726529026414
-0.11769303005632548,0.0766575452007594
-1.8443985552932767,-6.842455471684219
-7.323941925970544,4.511451070504614
-4.067752897478134,7.533947587237273
0.0822122558149645,-7.221328608531334
-0.5016161220648404,0.41380575223230476
-3.644201657353159,7.9357371946132425
-8.879122821554196,4.9346471663281255
-9.395182283042121,-0.15418719512388002
-4.137062028347661,7.392444083956291
1.2859273815604226,0.14599483400420665
1.034571694268775,-8.438043874240604
-0.31837794756197413,-7.276788226735639
-0.07733942107327363,-6.563473685478115
-3.6357483389757,8.072711776448156
-2.3193703214832655,-8.180447522262808
0.9986747505027374,0.00139852398260909
-8.812870700554843,5.687239203750243
-3.039644944380182,7.6141756483853085
2.0462438908136145,1.3875476360523684
-1.9549630637241373,-7.29298809835041
-3.223116682923406,7.251268539139687
-5.843954036974019,7.8076270326746355
-10.692297613035189,4.641345501236555
0.005826268983533112,-7.394811630548961
1.448181392719703,-7.802076471188804
-7.805065572134772,-0.3998623509281455
-5.015724136481063,6.979728367874273
-0.4194696542113693,0.6969003770947431
-2.364553617124545,-7.138406071416079
-3.1160649304636054,7.126425416949907
2.1459067173301816,-4.924906965134038
-9.8972655931165,4.063653294435058
-6.430994850800368,-0.8463155956835029
-7.708928757466426,-0.27280083702589586
-1.17949742696586,-0.8366071574760021
-2.463708991636171,-0.7198633612260738
-3.8607685913334997,8.816840237258068
-7.683251935067725,-2.3922352462305603
-9.603458901644567,4.6994085359299715
-8.696922849348043,4.416923966623869
-2.901523786962219,-1.086940797437643
-3.1386811503457666,1.108125517221251
-2.609896129122264,8.542778367086566
-3.5091022944311048,7.570388288218073
-8.958631521010854,3.8324932909605747
-1.7163122950454943,7.586887081668891
2.6903405043567563,-6.4807452200107685
0.10475983863393618,1.2447226339431277
0.22155760158695564,2.093579630372086
1.642743174351841,-9.152329746512867
-5.700226851208617,-0.13740890455827726
3.13025240419498,-6.303935639663123
-7.442258670636525,2.5592572312768063
4.0376982626829125,-7.6337794825141625
-2.8316794582119185,9.173268617217479
3.7749588521956343,-7.545557390425105
-7.335361464794113,-2.389093890265517
2.8744379844126247,-9.210657473320293
-4.912245691713814,-0.11422958248128179
2.9307832681573167,-8.116414057167104
1.8818854488791885,-8.458308081490554
0.31418369628017495,-5.702000387763592
-0.2588032548642931,-0.5094150252617242
0.9715323295763256,1.8554335037306235
-3.9829914878002644,7.7092048611392
0.06269028754738093,0.9431206673552198
-0.38249844592342275,0.7695016715233781
-2.6949604873805715,-6.548079617974292
0.5080260094918054,-8.097898183046496
0.12459134879134004,0.10530145376855615
-1.4990794445074775,0.6815415734684636
-2.8842803704662634,-8.738694306421564
1.056993745985813,0.24906138839183656
-1.6675545021301077,2.392859776426995
0.3859538303517065,0.4760231755267766
-1.1291293478426998,-6.5257542047919745
-8.223930700829248,3.6691483408273085
0.27117360852580863,1.3236423199030871
0.9788306683329667,-7.808965600629589
-3.5070926413220302,8.862252623570207
-0.281528670716959,-1.6699240192707663
-1.630670107761577,-7.689926809719016
-7.375424543435806,-2.363052748337201
-2.3906228888461136,8.202126470202261
-5.299406285726821,-0.8693092175015582
-7.333438148923467,-1.2943928562491567
-0.5197377648941517,-0.12422473180325119
-1.1284123735148444,8.23104777600138
-10.421437827382297,4.9391661085409755
-1.7019826652706693,0.16345682533181302
-8.416060978498116,2.669378458358487
0.39765237770862805,0.01362777802178361
-0.5988422710786274,0.4639862157194401
-1.094905206707281,-1.8471088930795503
-0.13764634926753228,0.865098494555713
-0.011129830803510044,1.9996966385538946
-2.5155478875525756,-6.531012292318364
-2.5447690084784025,8.435834838346551
0.21100099946372675,-7.43440432072611
-2.2233545282784775,-0.7881935198087773
-4.647996268724626,6.021369566973373
-0.3984060208610432,-0.5247970721365688
-3.3692335344932562,-6.740405096178519
-2.8962533211501893,-5.619996343949539
-1.8334247953430909,-6.886987290741281
-3.768242902324084,8.20975314594829
-1.4219408391290833,-7.86376631558416
-4.160960512205783,6.288700602655337
-3.1603256618681037,8.701907029168508
-0.35990301184363704,0.24685503889288474
1.073125884153284,-7.206727541998573
-1.7297236634486515,-5.9653268973941325
-10.430201778537306,4.55887192657408
0.04658906389366946,-6.993703502315468
-10.351869508189681,4.6506026894299
-4.469601608412704,6.320538538777052
-9.576260973790657,4.305007335691637
0.15762422911832075,1.438900792390271
3.3484369095771704,-8.81214129493626
-8.90979604315046,3.8435640277452174
0.8001868318033746,1.7817367097446049
-1.8615712520895347,-7.34981557986896
-1.5763406869054957,-1.5137828972428233
-5.6027919464524185,-0.41256376811161694
-2.105972578335832,-1.3385428740400156
2.790801572364034,-7.656778604977568
-0.982748037680117,1.242888125621424
-5.287215057769995,-0.3323396388391953
-1.4403776279201332,0.5472708838870338
2.9786803567182014,-7.138727894758915
-8.491596206418558,4.5358029367908275
-3.215811370926944,8.49441898184956
-4.747177383756036,7.267810695493065
-1.677626557035748,-8.08484813449503
0.21292527490758795,1.7599025499292493
-7.754253571397031,-0.48587863093017747
2.1144767738944,-0.054872401658668135
2.4161518781307953,0.644648970068686
-2.4272355237959746,-8.611877063156538
-4.198728563211597,7.958860423966865
-2.7226484052092044,-6.684194325425299
-11.175263484263654,3.238177861879339
1.1071376895977911,-7.273259153579837
2.2700869507209465,-7.264705092707145
-0.6041777845776615,-6.35797291001244
-3.697775635039361,9.103436509330805
-7.336676549139459,-2.341953731671006
0.17421050236625085,-0.18917912909858714
1.4597667047664715,0.730160625472348
0.21025888051357455,0.21833304346377835
1.1604080685458507,-8.873450559890554
-1.3529684794640935,-8.882064927080359
1.7186515912824496,1.4054910395408777
-1.9549994744985955,8.475613848942334
-1.9407905192393573,1.359872547311323
-2.6661660790290367,-7.456788946103746
-8.275815546221873,0.00040603111248183055
-9.719226235603479,-0.6264911165517247
-7.859729299935127,0.3503019239004904
-2.5037338940697484,7.074530791852112
-5.386493180420484,0.505850468360399
-2.2354711863275236,8.247735746898236
2.626026099517846,-8.135192914538674
0.8400173803302492,-7.330334094929987
-4.593833242963042,6.30627151268766
-9.463160923677956,4.621088146655498
-9.51775916337526,3.09535216642285
-2.397639893672382,-0.5244026190663138
-4.027002591402579,-7.217226839334813
-3.0893090985345775,1.0003741154452575
-0.6687183927441369,0.12699435218738175
-1.6660494923023332,0.5227241420236448
1.9906465446611015,-7.549245932683489
-0.9363711405855561,-1.08829237055306
-2.918108975762314,7.6272735048975635
-0.6608897698248453,-2.1163530188680886
-5.004882189480355,-0.8145393459832697
2.5509006478635916,-5.738799871815898
-1.4141874928664593,-5.970892840818122
-1.5771965565811172,-7.022786976745077
-1.4629047319268995,8.701010992802678
0.015314125542785217,-0.5366603720342022
-1.1045996907060405,-1.9585305593484652
-1.0998103759681073,0.42272907851924096
-1.3417901759506976,-5.672180101386411
-8.834151858419643,5.1465315080464675
-1.7117352584543872,1.1100746182362464
-7.4947859640396866,-0.45679733322747895
-6.172536372342819,-0.5976234573902431
-9.040936833320659,4.265959182750726
-6.096562929430975,-0.9234663041035622
-2.2492250763702217,6.2289715278660065
-1.2462153075586162,0.389560087995534
-3.2196151323032836,6.5549476834083595
2.1642091009546167,-7.332142397189977
-6.756153053713256,-1.3541870980753794
-1.3201109061742597,-7.229653865516815
1.4016724109672711,1.526966963907062
-2.7016804821354503,-8.84167318189952
-6.292804797263789,-0.9974811019404768
-8.368287143452065,5.412989463531421
1.8139596244455312,-6.790922319600693
-2.813415068891008,9.645253692054917
1.2623063155915737,1.0726388244183527
-1.6024523462117803,-7.323898757009041
2.525940927915114,-6.254642019846066
-1.1739977522530862,1.4699944618723235
-7.911346890106266,4.610482995229142
-0.9340042696356399,-6.801372061505072
-6.190476278124739,-0.26667481665003623
1.1557930940259034,-7.1528486859116684
0.46216644683780916,-0.34481033640375713
-8.10098789547175,0.3940470688830886
-1.069976093810285,-1.9694402415930379
2.1800119223471324,-8.198752424056446
3.6920906414268977,-7.30619616226952
-0.6010255840141436,0.8015312452187828
0.5037167746337201,-7.166299671248893
1.2296199645360453,-6.186061617910631
-1.4055876544472707,-6.228821854680804
-9.752281570076839,5.128954450803784
-0.9663940407734379,0.6246748515576634
-2.2506242236028218,0.27688715696816224
-5.5933218961145,-0.04621603464456148
1.961517622344764,-8.056535300416282
-2.10257900224598,1.630285927276833
-2.8081200120493732,-6.86810564196282
-8.879260417131158,4.8903022802969724
-2.964447178627968,6.997329389851479
-9.451939574536937,5.024848273672372
-8.637770072484749,6.351921270122316
-7.659140156497666,-1.5134401323923896
-10.593908411075326,4.588800653820648
1.9630760980278168,-7.743556395738265
-6.561067276684654,-0.13417287923690524
0.5584487230067278,0.5228895979912529
-2.0303994448827973,7.252086751224846
-10.496139137328976,3.6182479618282284
-0.7011201236485869,-5.96327620003008
-10.749304272521941,3.8556421436037134
-1.6161223176364985,-9.269081398862852
-1.8678276089481765,-5.555886801352775
-5.1301210079225825,0.1148147629118591
-4.11810741705999,8.735528612005236
-2.3046427174295636,-8.247324723624867
-0.9210056378355127,0.38577604096316565
-2.657845986489301,-6.0680492987787895
-8.102153664362469,-0.21383929456008754
-2.6407836186163074,8.718595498636462
-2.2764669709608816,-4.89079223447435
-9.511837017201362,3.785650791462983
-8.895729818436147,4.027659165139094
-10.104850213078485,5.276502751319056
0.6535766240017942,-7.286872290213324
2.1652565848917655,-8.677044606035043
1.3940920158097883,-4.878831075677629
0.7050764288726366,-0.27240684599661913
-2.0829173734635584,-0.5003930378729963
-1.7514934322337523,-0.5194928526383498
-2.4846855636259093,-7.060307586256143
-5.646719735667667,6.73208012958903
-2.2175401340261782,6.351740630319399
-6.076793443025592,0.7060572461161607
-1.529305828195392,-6.354818877576999
-2.514873893831253,-7.665907316875598
-2.9264096751353934,-7.031962347723115
0.7251161995108983,-8.521370608069846
-4.940491933499535,8.11035185186426
-1.8179358718826748,-0.27869007297015136
-2.4649790515842316,-0.18492685793772046
1.0289231606640188,-8.025725037346872
0.1044375433507172,0.20361233532383838
-0.6671500073375864,1.0874386391976842
-0.8366070626500945,-0.7628918798312068
